{
  "assetsByChunkName": {
    "vendors~app-account~app-confirmation~app-order": "chunk.dc81e89fe07b016c9f06.js",
    "vendors~app-account~app-checkout": "chunk.a79c46247a92cf3be843.js",
    "vendors~app-cart~app-checkout": "chunk.9327aca120f27b167443.js",
    "admin": [
      "admin.2d89982b7c40caa3f211.js",
      "admin.2d89982b7c40caa3f211.js.map"
    ],
    "app-account": "chunk.ecfdf8cd3be635906857.js",
    "app-checkout": "chunk.188d3e0681c1c087d377.js",
    "app-confirmation": "chunk.a27ae09eadee3b20547f.js",
    "checkout": [
      "checkout.85866a681b7b5e98409d.js",
      "checkout.85866a681b7b5e98409d.js.map"
    ],
    "storefront": [
      "storefront.91fe8ac1c7a32024ae97.css",
      "storefront.c505492307bc049b1fb3.js",
      "storefront.91fe8ac1c7a32024ae97.css.map",
      "storefront.c505492307bc049b1fb3.js.map"
    ],
    "vendors~app-cart": "chunk.e983bcc804fbed2437ae.js",
    "vendors~app-order": "chunk.c8c7ae9b26ef02731685.js"
  }
}