{
  "title": "Política de Devolução",
  "meta_title": "Trocas e devoluções",
  "meta_description": "Trocas e devoluções",
  "body": "D﻿e acordo com o Código de Defesa do Consumidor (CDC), o﻿ prazo para devolução é de até 7 dias corridos, contados a partir da data do recebimento.\n\nPara realizar a devolução é necessário as peças estarem fixadas as devidas tags e não haver marcas de uso.\n\nP﻿ara realizar a devolução entrar em contato pelo e-mail maiawork20@gmail.com ou pelo WhatsApp (81) 9 8192-1030 com o assunto \"Devolução\" e informar o número do pedido.",
  "sections": [
    {
      "type": "info-bar",
      "enabled": true
    }
  ]
}