{
  "categories_list": {
    "featured": [
      "/jaleco-feminino?Jaleco Feminino",
      "/jaleco-masculino?Jaleco Masculino",
      "/scrub-feminino?Scrub Feminino",
      "/scrub-masculino?Scrub Masculino"
    ],
    "random": 0,
    "full_width": true
  },
  "menu_all_departments": true,
  "marketing_stripe": {
    "text": "PRIMEIRA COMPRA UTILIZE O CUPOM USEMW E GANHE ATÉ 10% DE DESCONTO",
    "link": "",
    "background": "#413f3f",
    "color": "#ffffff"
  },
  "alphabetical_order_submenu": true,
  "popup": "",
  "name_all_departments": " ",
  "search_input": true,
  "desktop_megamenu": true,
  "full_width_submenu": true,
  "contacts_stripe": {
    "pages": [],
    "phone_wpp": true,
    "socials": true
  }
}